{"BLEU": [0.5492310978213851, 2.5625393765187267e-10, 2.0736833394383499e-13, 6.118208683644999e-15], "METEOR": 0.230603636715313, "ROUGE": 0.2267053196390489, "CIDEr": 0.0030869691331935367}